Yelp ID,Business name,Average star rating,Price,review_snippets,mean_compound,pct_positive,pct_neutral,pct_negative
QBlaha1aAf1ogNIj-s1c2Q,Rock Bar Royal,4.0,$$,1,0.964,100.0,0.0,0.0
KJOuKL-Bd7Qg56_P_voJMA,Krumme & Co,3.6,$$,1,0.961,100.0,0.0,0.0
DFw-WQs3G4LY3uKYL_AGAQ,Blaabjerg & Madsen,3.7,$,2,0.957,100.0,0.0,0.0
rNHrCDcohLj35w93__cEmA,Emmerys,3.2,$$$,1,0.954,100.0,0.0,0.0
_N3FGrtmFwbm7JYGb_nGEA,Riccos Kaffebar,4.0,$,1,0.948,100.0,0.0,0.0
OtFptdustjPs_m4_DUWJJg,Naturbageriet Sattva,5.0,$,1,0.936,100.0,0.0,0.0
afAgESTj4NtyyR-9aMys_A,Cafe Ciré,2.8,$$,2,0.934,100.0,0.0,0.0
T-7R_IPoPqfuyYpijLm_nA,Kulinaris,4.1,$$,1,0.93,100.0,0.0,0.0
p3R_eceY-_zKRTNQIKV-Qw,Dalgas Have - Copenhagen Business School,3.7,$$,1,0.929,100.0,0.0,0.0
KQH5Uflt3ymrWqMLq8ZaAA,Cafe Blasen,5.0,$,1,0.921,100.0,0.0,0.0
Sv2GBNC9AyDoD85iQreqKg,GoodLife,5.0,$,1,0.917,100.0,0.0,0.0
sTuXgcAR3wQi04RiDi7VSA,T in the park,3.7,$$,1,0.906,100.0,0.0,0.0
5b1R1l616rn9ukX3-fXFHw,Cafe Skammekrogen,4.5,$,1,0.902,100.0,0.0,0.0
oLMCmpxLjHWLObOZBl0pUQ,Charlottehaven Café,4.1,$$,3,0.901,100.0,0.0,0.0
QWjaJbnVh6vYOX2mcwQsUA,Lagkagehuset,4.6,$$,1,0.896,100.0,0.0,0.0
JdxPHfCcrQJAfX_9g9TBHw,Helges Ost,4.7,$$,1,0.893,100.0,0.0,0.0
w3QdgESjsbs_-RN2HhPAMg,Bageriet Sløjfen,4.0,$$,1,0.888,100.0,0.0,0.0
tjRzDCPbezy7tnmJkQfKuw,ShaBaz - Kaffebar & Køkken,4.5,$,2,0.888,100.0,0.0,0.0
4VuRZcqGQnNmGT4yw81-Mw,Lagkagehuset,4.5,$$,1,0.888,100.0,0.0,0.0
MPnHYl9woNGE_EE2klVyug,Kaffevaerk,4.1,$,3,0.877,100.0,0.0,0.0
xkq58QB2s1cJAeuy1VMPLg,Kontra Coffee,4.6,$$$,2,0.875,100.0,0.0,0.0
O55nVUQGJh7vEV9m_Uz1sQ,Kaffebiksen,4.7,$,2,0.868,100.0,0.0,0.0
AbtCBf_NsqqHzN8LerIOFg,Café Risico,3.8,$$,2,0.868,100.0,0.0,0.0
zYpYci5QeuckMCkhE5kYkw,ShaBaz - Kaffebar & Køkken,4.5,$,3,0.863,100.0,0.0,0.0
h2Ldxok6gPmxxHdyWMjg4A,Creative Space,4.1,$$,2,0.859,100.0,0.0,0.0
DXVPI5719dUUadlOw7pLYg,Designcafeen,3.9,$,1,0.859,100.0,0.0,0.0
Z4hOKEZiZf5DS-vMwEXQUQ,Café Pilos,5.0,$,2,0.858,100.0,0.0,0.0
RLHupnMALQc0sLXVryge1Q,Kafferiet,4.8,$,3,0.856,100.0,0.0,0.0
VFjv-6_N9RaM62_7MZ101Q,Isværket,4.3,$$,1,0.854,100.0,0.0,0.0
2TweHPfeJvFby3QrQlg3KA,Grams Lækkerier,4.7,$,7,0.846,100.0,0.0,0.0
CvQejRIjhHmKzwoJf4ai_A,Olivers Oase,3.6,$$$,1,0.845,100.0,0.0,0.0
gzo5YqJdj7tOzFMVu_ZYRA,Chaplon Tesalon,4.0,$,1,0.844,100.0,0.0,0.0
6j7RoM3vN-0dT0ViPq5SHA,Joe & The Juice,2.7,$,2,0.844,100.0,0.0,0.0
ozA0RJRf8YYEB1uXsqbPWg,Paludan Bog&Café,4.2,$,7,0.843,100.0,0.0,0.0
DHc9V8q8AaW2wmI9jvIamA,Munch,2.9,$$,2,0.841,100.0,0.0,0.0
lWNRq56dJ96JdKj3AjRYJg,Next Door Cafe,4.7,$,7,0.839,100.0,0.0,0.0
GLjb1z73ukEEU-CIDLsKjQ,Voulez Vous?,3.9,$,5,0.838,100.0,0.0,0.0
vJJ48KAAhyLt9Ibtr_k3EA,Wecycle Copenhagen,4.5,$$,1,0.836,100.0,0.0,0.0
vpTuivh1QOUXKGJB5PkMiw,Kaffeværket,3.6,$$,1,0.836,100.0,0.0,0.0
3hFzKI2RMgfL5A9SqoQKZA,Antons Køkken,3.1,$$,4,0.836,100.0,0.0,0.0
T2Jyeg8tSkT1LMADRc_yKw,Kitchenette,3.8,$$$,3,0.835,100.0,0.0,0.0
wn9W-0bLN63VVrsl93b83A,Reinh. Van Hauen,3.2,$$$,2,0.833,100.0,0.0,0.0
J0qXu_y7S_vyv6VI3zzPXw,Lygtens Kro,3.6,$,1,0.833,100.0,0.0,0.0
avUr5VNkjNcshWfurfLWUQ,Lagkagehuset,3.6,$$$$,1,0.832,100.0,0.0,0.0
mqaxsyMOfzXdL_qN0-SZJQ,Emmerys,4.1,$$,7,0.832,100.0,0.0,0.0
mY8JIKJHnzbJBnFoEMgHZQ,Impact Roasters,5.0,$,4,0.832,100.0,0.0,0.0
oXWv80flFjCPIhT-DYU1tA,No 95 En Kaffebar,4.1,$,3,0.831,100.0,0.0,0.0
82ltR16B4y9bGuuOiZDj-A,Risteriet,4.1,$,3,0.826,100.0,0.0,0.0
6XRn5JlxjdS4QlKtno0OpA,Meyers Bageri,4.2,$$,7,0.822,100.0,0.0,0.0
Rtif0YuZduVXiQlLB-DOzg,Hadis Café,3.3,$$,1,0.818,100.0,0.0,0.0
GOUSDHMfV3kbnWNGyOFEfA,Sidecar,4.4,$,7,0.817,100.0,0.0,0.0
H1fOqsIePlWvyrSX3dyeeg,Original Coffee,4.3,$$,7,0.813,100.0,0.0,0.0
94ETPxyFEBhLDlvkt6cnUQ,Thiemers Magasin,4.8,$$,1,0.811,100.0,0.0,0.0
SqorrQHMv3ezqytTtSeGDA,Hønen og Ægget,4.3,$$,4,0.809,100.0,0.0,0.0
eY0pxt2A19QWzs9LSP_RmA,Det Rene Brød,4.1,$$,7,0.809,100.0,0.0,0.0
-QtjG5OSTalI94oiKPNuuQ,Porcelænshaven CBS kantine,3.8,$,2,0.806,100.0,0.0,0.0
cxTmz837SQlvgguXPabjuQ,Natur Tørst,4.7,$,5,0.801,100.0,0.0,0.0
BtlJIvMvVkF7Y_VurhVdIQ,Stempel Bar & Kitchen,3.3,$,7,0.797,100.0,0.0,0.0
7wP5O1LLfjlb7rQtFeJ60g,Frede & Vester's,4.3,$,5,0.793,100.0,0.0,0.0
z7oX73b5K7yY2goYHJFelw,Orango Coffee,4.5,$,4,0.792,100.0,0.0,0.0
-c0jjCGzrfjQKroHgj6jZg,Wulff og Konstali,4.3,$$$,7,0.787,100.0,0.0,0.0
6Q7Uo-7hvibT1s94hgjVFg,Røde Roses Kaffebar,4.0,$,6,0.786,100.0,0.0,0.0
5mgrCQ0C02L6vWemjSO5Gg,Fata'Morgana,3.3,$$,5,0.786,100.0,0.0,0.0
VJa2qf1s1e7lsxOS_S9lgQ,Leckerbaer,4.1,$,6,0.784,83.3,16.7,0.0
l-dxI6jE4CcbPpwz0VKV6Q,Godthåb & Kaffe,4.4,$,3,0.783,100.0,0.0,0.0
nIv8G7Zd0WzfYhgt16PUGw,Massimo,4.6,$,7,0.78,100.0,0.0,0.0
j5XejEZmzX6oeFrGiClH4w,Kaffe lladro Vesterbro,3.8,$,1,0.774,100.0,0.0,0.0
2eBbcKP2dhD6DYG388_Flg,Funder,4.3,$,7,0.772,100.0,0.0,0.0
gAHr1iqgLRC2bDSYeqowHg,Café Høegs,3.2,$,7,0.767,100.0,0.0,0.0
8HwHXj1qJFL31h5lTOp9MQ,Kaffebaren på Amager,4.1,$,7,0.766,100.0,0.0,0.0
FDmtlwqudmVWNjPJT8MmGg,Original Coffee,4.9,$$,4,0.762,100.0,0.0,0.0
2N8VAWkwGKEdJfgQ9IuFJw,OLUFs is,4.3,$$,7,0.761,100.0,0.0,0.0
bEMIylW09wrhKeHvtnZ1aw,Mokkariet,3.9,$,5,0.758,100.0,0.0,0.0
Xsw5d1YgRXxE8wfhqo3ymg,Café Nexus,3.2,$,1,0.757,100.0,0.0,0.0
0W-LQ1V4zZ5x5WdjAQ9JvQ,Cafe Den Blå Hund,2.7,$$,3,0.756,100.0,0.0,0.0
S5YhwZSOdLQLeUr9TcKIIA,Enghave Kaffe,4.3,$,7,0.752,85.7,14.3,0.0
pwpdEgtJN-RH2VibZiE1Kg,Klint - Design Museum Denmark Cafe,4.7,$,7,0.751,100.0,0.0,0.0
G7lB52sM0tBUwuepkVdXPw,Maude's,3.1,$,1,0.75,100.0,0.0,0.0
6mStSf8kqt96O0bHWID3Pw,Kaffe,4.4,$,7,0.748,100.0,0.0,0.0
VrDIXmeFRgyx8LnQiqFLfA,Le Kaff,4.8,$,4,0.747,100.0,0.0,0.0
A3bUmtsktu1fh3Q2EkNphA,Petról,4.8,$$,3,0.745,100.0,0.0,0.0
SZnPuN9qP3fDrSOjv1wjLQ,Cassiopeia,4.5,$$,1,0.742,100.0,0.0,0.0
OZz3pObROTUrowUR90_Kag,Reinh. Van Hauen,4.3,$$,4,0.741,100.0,0.0,0.0
6UcRqudsrid-d8O9pit99Q,Woodstock,4.2,$,3,0.74,100.0,0.0,0.0
bEdvvXGhswlw235sN0Purw,Holm's Bager,3.5,$,7,0.74,100.0,0.0,0.0
2Hr1KExRI0BAdKCjNtI9-Q,Starbucks,3.0,$$$,2,0.739,100.0,0.0,0.0
5SIOQE1-Ci9nPqzmYGDXeg,Granola,3.3,$$,7,0.739,100.0,0.0,0.0
RV89djkOXfGk3Y0-iIXnPg,Det Vide Hus,4.1,$,7,0.736,100.0,0.0,0.0
dMD9c3uLReT1el-00fNhUg,Risteriet,3.5,$,2,0.733,100.0,0.0,0.0
jh513qEE97KRklUODXyCGw,Props Coffee Shop,4.1,$$,6,0.732,100.0,0.0,0.0
UcGSl0rzSocfgt6j5JzC4Q,Meyers Bageri,4.1,$$$,3,0.731,100.0,0.0,0.0
MniAPQJoFtnmpb-3216bYQ,Tak For Kaffe,4.0,$,3,0.731,100.0,0.0,0.0
jdak7g6g6eK9guNK8VBfog,Neringa Café,4.5,$,7,0.73,85.7,14.3,0.0
wzUG4fmV5Bdw5u1iLQjA7w,The Coffee Collective,4.6,$,7,0.73,100.0,0.0,0.0
Bo3ixYo_iRqxyNye6zu57A,The Coffee Collective,4.8,$,7,0.729,100.0,0.0,0.0
-d3xgdkPLYZuNwMETg3Avg,Café Spis,4.0,$,4,0.728,100.0,0.0,0.0
ajQJDOjYmz12VMFYBM8TSA,Gestus,4.0,$$,1,0.723,100.0,0.0,0.0
G9nZokxPVAnxsEo1PyLReg,Bowl Market,4.5,$,7,0.72,100.0,0.0,0.0
O8bPJgmgAoMf9njoIlwfow,Souls,4.5,$,7,0.719,100.0,0.0,0.0
J7pb3CA-U1JZwZRDwVm32w,Lauras Bakery,4.3,$$,3,0.719,100.0,0.0,0.0
bTQTOEfXO5TfJjH7Pq2KLw,Café Castro,2.8,$$,1,0.718,100.0,0.0,0.0
MUunkFiMK333b02eKOmZew,Neru,3.2,$$,1,0.718,100.0,0.0,0.0
SEDDO0onNCKZdRZKIeNa8g,Coffee Industry Sweden,4.5,$$$,7,0.718,100.0,0.0,0.0
okydpNhxNHyxJXy79IK1hQ,Feelgood Bakery,4.0,$$,1,0.717,100.0,0.0,0.0
BO9ODUuzeqJveVwhCwVLQw,Hope Bar,4.0,$,7,0.714,85.7,14.3,0.0
GVAQJiW9IQE3-f9tE5rEzw,Café Staalvand,3.4,$,5,0.711,100.0,0.0,0.0
tfY6Ho3rO9KyQDZId2UAFQ,Sofie Kælderen,3.8,$,6,0.711,100.0,0.0,0.0
ZfO87ew3NH3C5kP1qYLsVQ,Taste House Of Cascabel,4.2,$,5,0.704,100.0,0.0,0.0
OwO4EXYuwsHacuNjcypqlw,Coffee First,4.1,$$,7,0.704,85.7,14.3,0.0
EFJueGHxBlNrn5zKTVdcOg,Kaffeslabberasen,3.8,$,7,0.701,85.7,14.3,0.0
_h9FOpRYRUW3fjVIBdf7dQ,The Bagel Co,4.1,$,6,0.698,100.0,0.0,0.0
FQV_vLM8-BxyL2isS20hrA,Cub Coffee Bar,4.3,$,2,0.697,100.0,0.0,0.0
iYs4CZRYTvRV6WE5XfznyQ,Kaffebar 78,5.0,$,2,0.697,100.0,0.0,0.0
e4YUq8prWgPEGLK38cMtqg,Kafferiet,4.2,$$,7,0.693,100.0,0.0,0.0
c4KA0OBJkX4I15-GYA3v1w,Arabica,4.1,$,6,0.691,83.3,16.7,0.0
Ry-RC5DDu9Ql62SIMD6uoA,Kaf' Bar 9,4.0,$,7,0.691,85.7,0.0,14.3
W6kTqepL8pNYHRHMgybOfg,Peter Beier Chokolade,4.3,$$$,2,0.69,100.0,0.0,0.0
wJwlk1EHbjISvEO2s9qpIg,Riccos Kaffebar,3.8,$$,2,0.689,100.0,0.0,0.0
Bm2a-NxLOrKXQ77VsBD_hQ,Cafe Ermanno,4.7,$,7,0.689,100.0,0.0,0.0
4oe1xQmXerGxCI9eF4bgRQ,Democratic Coffee Bar,4.2,$,7,0.689,100.0,0.0,0.0
AADGbW93TV_KH1iqvAA_aA,Baryl,4.5,$,7,0.688,100.0,0.0,0.0
ZWLadq6W3e2y84VvjHo2Iw,Det Rene Brød,4.3,$$,4,0.688,100.0,0.0,0.0
LJELklcFTsfSzW-IxUua7w,Espresso House,3.7,$,7,0.687,100.0,0.0,0.0
aigwhsN9eQ_v0I8nAZZrFA,Café Feel Good,4.6,$,7,0.687,100.0,0.0,0.0
9llgG4Sf8u7Y17hpf0-nwA,Risteriet Halmtorvet,4.2,$,7,0.686,100.0,0.0,0.0
wa8QR1M4w_FrWNSEnmdydw,Superkaffeforsyningen,3.3,$$,5,0.685,100.0,0.0,0.0
ba2eTMZlG73QswQgKMyrpQ,Brød Værten,3.0,$$,3,0.684,100.0,0.0,0.0
w50WDdFurHAnqgzvpruBsg,Juno the Bakery,4.8,$$,7,0.682,100.0,0.0,0.0
6CGmp9Yk8brpIGPWU5r7PA,Holm's Bager,3.3,$,3,0.679,100.0,0.0,0.0
Y5mpYpGiC0cGrlM602k6mQ,Cortado Kaffebar,3.5,$,7,0.678,100.0,0.0,0.0
_0ZR-E6fFBI3togPFBgzCA,Dessertdragens Kageværksted,4.5,$$$,3,0.673,100.0,0.0,0.0
jptVzSRvP7bq6WfXO4NkjQ,Meny,4.2,$$$,2,0.672,100.0,0.0,0.0
PlSiSYLxZvqXIxgJEaSRWQ,Social,4.5,$,7,0.672,85.7,14.3,0.0
0D8cVOKRS1Kcb_ztSAoPxA,Le Coin,4.7,$,3,0.67,100.0,0.0,0.0
MbPtrcP82IT7icSFtjBliQ,Coffee Room,3.7,$,6,0.668,83.3,0.0,16.7
JHGJVo2jNoaISbD9AOy0Dw,Café Blå Time,4.0,$$,6,0.665,100.0,0.0,0.0
4jp0LtYTYKc83jCSqMzCPA,Riccos Kaffebar,4.3,$,3,0.664,100.0,0.0,0.0
ai0qAm6WSOH2YYKNl9QBFA,Parterre,4.4,$,7,0.663,100.0,0.0,0.0
xyrU1vi2dmGmHZtvnYaCHw,Lagkagehuset,4.3,$,7,0.662,85.7,0.0,14.3
e1Ajai24UAt2VUIQ51GifA,Joe & The Juice,3.2,$$,7,0.661,85.7,14.3,0.0
RLIiVISTFRGlbphQ3o3VxA,Bertels Salon,3.9,$$,7,0.661,85.7,14.3,0.0
jQ51tU9Fy3SgB5zJ0YCTNw,Lagkagehuset,4.3,$$,7,0.66,85.7,14.3,0.0
Obi4FxA_33AQI4GjJgr74Q,No. 11,3.7,$$,7,0.659,85.7,0.0,14.3
RdiZmLyiC5J5f20XpRF_rw,42Raw,4.0,$$,7,0.658,85.7,0.0,14.3
qL-Bs5qvonN4qdu0Z5fqBA,The Living Room,4.1,$$,7,0.653,85.7,0.0,14.3
k17GqXMJWXkY2TOc3gXpUA,Vores Brød,4.6,$$,5,0.65,80.0,20.0,0.0
l8MNckNRrV7wtr-ddvVCBg,Kalaset,3.9,$,7,0.65,100.0,0.0,0.0
h59nQtF8Qx0tEdJUo_61Lg,Café Phønix,3.6,$,7,0.647,85.7,0.0,14.3
tZlQbXv6fDYxH67p6zwpzw,Mormors,3.8,$,7,0.647,85.7,0.0,14.3
BEU6KgxOfFlEoQNcA437Dw,Sporvejen,3.9,$,7,0.645,85.7,14.3,0.0
_l7xx9uzB5pRRr-t3e9tNA,CUB Coffee Bar,4.3,$,7,0.641,100.0,0.0,0.0
3sji5HUhh0r8fKoXVGGAFg,The Coffee Factory,3.9,$,7,0.64,85.7,14.3,0.0
9oIfPY6YROTR2leTua9gDA,Buzz Kaffebar,4.0,$,7,0.639,85.7,14.3,0.0
1A3Py4X14kJFcyFgFvfh5w,Barcelona,2.2,$$,1,0.637,100.0,0.0,0.0
Tu0HZXUXGb96P_TIbDf2vw,Café Væksthuset,3.3,$,2,0.637,100.0,0.0,0.0
WVvP58sLEM7f9K34wzWjBw,Dag H - café og restaurant,3.2,$$,7,0.637,85.7,14.3,0.0
nMfplJbDRetZaTtKh1_A8Q,Taste of Taiwan Bubble Tea - Indre by,4.2,$,7,0.636,85.7,14.3,0.0
neacr5cYzz5mDcbd6ga7Hg,Te Amo,4.0,$,1,0.636,100.0,0.0,0.0
jfrtgNsfE_CyqLNHFLg36w,The Union Bar,3.2,$$,2,0.635,100.0,0.0,0.0
5v9Xnbb3x2AJI1P-jkDcqQ,Den Lille Gule Kaffebar,4.4,$$,7,0.631,100.0,0.0,0.0
rR6iAdZB932_7cFPKeU9xQ,Grannys House,3.8,$$,7,0.626,85.7,14.3,0.0
yA6UuzmRQb0PC7Hf3m8F5g,Resso Roasthouse,4.0,$,1,0.625,100.0,0.0,0.0
60tSNcLjBZhUKq-1_IF8-g,Verdensrummet,4.0,$,3,0.625,100.0,0.0,0.0
f8Eu6u2pDzdsammMaydRYw,Kaffeplantagen,3.8,$,6,0.623,83.3,16.7,0.0
dnrJke8wfHesazSljyGKDg,Tea:licious Café,4.1,$,7,0.623,100.0,0.0,0.0
g7uOOY2DJ8BgEYWghhtbIA,Snabel B,4.2,$,7,0.623,85.7,0.0,14.3
HLqznMliyB2gu1fELI0HOg,Hotel Chocolat,4.4,$$,7,0.622,100.0,0.0,0.0
wdVClx28XFTNHYLOx6Is4A,Sokkelund Cafe & Brasserie,4.2,$$,7,0.621,85.7,0.0,14.3
AQDl14xqvB9bw0CXbbr6_g,Peter Beier Chokolade,4.4,$$$,2,0.621,100.0,0.0,0.0
BOsyEAd2VpjGKKjhr1OJ_g,Kaf,4.6,$,7,0.618,100.0,0.0,0.0
yV79JYHN_iThP8RK-K4MWg,Cafe Wilder,4.1,$$,7,0.617,85.7,14.3,0.0
uChoEdFyJiBnApt4y1jrKg,Lagkagehuset,3.5,$$$,6,0.616,100.0,0.0,0.0
LA3DjHXWPqz9wT3ewN1Heg,Græsk Smag,4.2,$,7,0.615,71.4,28.6,0.0
XoLeE4DgdRT7cc4o7WCzlQ,Sort Kaffe og Vinyl,4.0,$$,3,0.613,100.0,0.0,0.0
kFvu1gAJPIUWN5wY7oEJSA,Sweet Surrender,3.8,$,1,0.612,100.0,0.0,0.0
yMCVS-JNpreYRzGdIlQESw,Wulff og Konstali Food Shop,4.2,$,7,0.612,100.0,0.0,0.0
PKC2ewu9UD_hVPlw8zsy1w,Askov Fonden Café A,4.0,$,1,0.612,100.0,0.0,0.0
hvdJAy9aM8jTVyoFijuR2Q,Emmerys,4.0,$$,7,0.61,85.7,14.3,0.0
tJAMNrEO0nxJey5VDvtN4A,Roast Coffee,4.8,$,7,0.609,100.0,0.0,0.0
ERLaIS0C20_Ov55JUBI4YQ,Analog,4.4,$,3,0.609,100.0,0.0,0.0
SGqE7VmQXLIXRLIZ0w_Cew,Joe & The Juice,3.7,$,5,0.608,80.0,20.0,0.0
m8ETTRP8uk7yCMUUBuAyyQ,Tjili Pop,3.7,$,7,0.607,85.7,14.3,0.0
bcb2J89XxG6JUyh_5wl8Fw,Din Nye Ven,3.9,$,6,0.605,83.3,16.7,0.0
nl8Iyg4g1Cha8Bkz4q-l3Q,Wild Kiwi Pies,4.5,$,7,0.599,85.7,14.3,0.0
fiRsUCtKMmLyWs4NPtMmyg,Cafe Pelikan,3.7,$$,2,0.593,100.0,0.0,0.0
TD4f52PTWIrCOyBYzA2xbA,Alice Ice Cream & Coffee,3.8,$$,7,0.589,85.7,14.3,0.0
sj41EPHz1jc15tAa3wVrCw,Det Rene Brød,4.2,$,4,0.588,75.0,25.0,0.0
4ElB-qBWytF-mDzL8RQdKA,Kompa'9,4.3,$,7,0.588,85.7,14.3,0.0
TkNywlSTNFl7Afd6uI5iMg,Café Sonja,3.3,$,2,0.588,100.0,0.0,0.0
afHh4PKaJIrqIVuN5XsjHw,Ipsen & Co.,4.4,$$,7,0.588,85.7,14.3,0.0
EbslkQXFndj_eK8VIXBVQA,Reinh Van Hauen,4.5,$$,7,0.582,85.7,14.3,0.0
Ek0Y08ljHkAYdxvEUHk7yw,Navnløs Kaffebar,3.9,$$,5,0.582,80.0,0.0,20.0
AAfXw_dm52FxhlhjRFFJ3g,Lagkagehuset,4.4,$$,5,0.58,80.0,0.0,20.0
hTArMBLFPKB5yrIKSglh0g,Shabaz Kaffebar,3.4,$,5,0.579,80.0,20.0,0.0
_E46qEer1pB2IcdYICPYUA,Gravy,4.7,$,5,0.578,100.0,0.0,0.0
GZ52jPGOgaC3cic6QZohSg,Original Coffee,4.2,$,6,0.578,83.3,0.0,16.7
mguMbKPbwIVCjoGkhoyP-w,A.C. Perchs Thehandel,4.1,$$,7,0.577,85.7,14.3,0.0
Y5iGYyaL1XkAvbv1nodvyw,Cafe Europa 1989,3.2,$$,7,0.577,85.7,0.0,14.3
qvuG63s1VKvf2SnWkIp0OA,Cafe 22,3.0,$,7,0.576,85.7,14.3,0.0
RUZ27d0mLsO82xxKIlkeYg,Mirabelle,3.4,$$,7,0.576,71.4,28.6,0.0
-2KIGxyqLwOEl2SExzA9WA,Naturbageriet,4.4,$,7,0.573,85.7,0.0,14.3
lO0ldNuSmyaOhTwmD4hHxw,Konditori La Glace,4.0,$$,7,0.572,85.7,14.3,0.0
xn2t243dVsLR2av-9Fxsrg,Kaffestuen,3.7,$,4,0.57,75.0,25.0,0.0
9Fgyio0jBHWIYcb9kbAPuA,Brødflov,4.5,$,7,0.569,71.4,14.3,14.3
u-SOp3MDuahQFwPfxmNp4Q,Bastard Café,4.4,$,7,0.568,85.7,14.3,0.0
3ct9aTyCyYe3A2xiX1_h8Q,Cafe Norden,4.0,$$,7,0.566,85.7,0.0,14.3
nd3sQ558lwMPKxxaCbEQtA,Café Dalle Valle,2.6,$,3,0.562,100.0,0.0,0.0
Vi_GqXDFpm0k-Esyj1w6ww,Andersen Bakery,4.5,$$,7,0.561,85.7,0.0,14.3
uDzdIyUZ4PNlSS0Xbqj_dA,Zaggi's Coffee,3.7,$,7,0.56,85.7,14.3,0.0
3gBXEcBgoiov0M-S0-NqIg,Original Coffee,4.4,$$,7,0.56,100.0,0.0,0.0
b0uHokeDY7GlU6r0OhOQrg,Restaurant Nytorv,3.4,$,7,0.559,85.7,0.0,14.3
LdjupEZTguDszr2OGyQcvw,Metropolitain,2.6,$$,4,0.558,75.0,25.0,0.0
FXGoGVr4RRs6mR0iYIENmA,Mad & Kaffe,4.3,$,7,0.557,85.7,0.0,14.3
vpmk1OF6Uad2IHzSIg3QuA,Bang og Jensen,3.8,$,7,0.557,85.7,0.0,14.3
oIIXJgtP23of0HsYZ8dDzw,Nespresso,4.0,$$$,4,0.556,100.0,0.0,0.0
Ff2dDJtV_p5lbqXwh8MmCQ,Cafe Bjørg's,2.8,$$,5,0.556,80.0,20.0,0.0
DWHWrI-alm85EHXJYYAoqg,Lagkagehuset,4.0,$$,7,0.554,100.0,0.0,0.0
ZaaVHy1iJGpypS-6xBkSBQ,Prolog Coffee Bar,4.8,$,7,0.554,85.7,0.0,14.3
dFUZTboFyZMZFn5Gk_TikQ,Original Coffee,4.4,$,7,0.547,100.0,0.0,0.0
vox1A9-xVbxTm-5fs_pF7Q,Café G,3.3,$$,7,0.545,85.7,0.0,14.3
q8Zdnyu4l_az04b_nxT38Q,Kafe Kys,3.8,$,7,0.544,85.7,0.0,14.3
bEodOkIJZ6I3UKDWKZNdZw,Carlton Cafe,3.4,$$,7,0.543,85.7,14.3,0.0
Vvpc_3sX6M6wsG6_9jwylw,Christianshavns Bådudlejning og Café,4.2,$$,7,0.543,85.7,14.3,0.0
I6ZCKRIwbm1DBi6mJCZ-ZA,Sonny,4.1,$,6,0.542,83.3,0.0,16.7
ck_7nu7Hem_RijPlWZmExQ,Café Plenum,3.5,$$,7,0.54,100.0,0.0,0.0
C3iuuGLleR-v0ShSfuLaew,Forloren Espresso,4.3,$,7,0.54,85.7,0.0,14.3
-YPMhMUkozKtCnqMMkgccQ,Meyers Bageri,4.5,$,7,0.539,85.7,14.3,0.0
h5e0P3dUhwFJ-HYogPaVWw,La Banchina,4.7,$,7,0.539,71.4,28.6,0.0
ljI0SE6MHLv12IsmhqGzSw,Kaffehuset 44,3.9,$,6,0.533,83.3,0.0,16.7
UMMR2DwXsktGJjkl8oVVfQ,Kaffebaren,3.5,$,3,0.53,66.7,0.0,33.3
TUXhPCybQ6e63f-jHiCM6w,Mellemrummet,4.1,$,1,0.53,100.0,0.0,0.0
pOVvdV-E1_zYxocX-oJubA,Resso Espressobar,4.1,$,5,0.526,80.0,0.0,20.0
n9x5MfdRCP2TEQrrI_YAGA,Ehlers Bageri,4.0,$$,4,0.526,100.0,0.0,0.0
7WBAoA6kAoHrjcPE62cb4g,Lagkagehuset,4.2,$$,7,0.523,85.7,0.0,14.3
ec-BcKj-bnWEFUajWj5d6A,Elly's Kaffebar,4.3,$,2,0.52,100.0,0.0,0.0
2xw3NB1EOZhRvAy1-LXasQ,Ingolfs Kaffebar,4.2,$$,7,0.519,85.7,0.0,14.3
e4lyFs7Gn413UhKzd5f59A,Atelier September,3.8,$,7,0.518,71.4,14.3,14.3
GPXzvVZc8YFvmf4XhYfy0g,Ny Carlsberg Glyptotek,4.3,$,7,0.518,85.7,0.0,14.3
v1oDJdUby3aQtK05aCYRiA,Kvickly,2.7,$$,2,0.518,100.0,0.0,0.0
aR7GDlXFrNVVB91ECzqUSA,Sweet Treat,4.4,$,7,0.514,85.7,0.0,14.3
os0XTO19CPxHcwwS2PWGkw,Rist Kaffebar,3.7,$,7,0.512,71.4,0.0,28.6
bY-8ef7mYvDYCno33DyIDQ,Sankt Peders Bageri,4.5,$,7,0.511,85.7,14.3,0.0
vWS4-AbfmGO2zo696qHw2Q,Bageriet Brød,4.5,$,7,0.509,71.4,14.3,14.3
spVkora36exmMh8dQMhdzw,Café Katz,3.4,$,7,0.508,71.4,14.3,14.3
ZlLT74kmbvSjIvRfHlzDfA,Starbucks,3.0,$,1,0.507,100.0,0.0,0.0
7qf7SCTGW9TWT9NaRQMrJQ,Le Kaff,4.3,$$,6,0.5,100.0,0.0,0.0
qUxZ4QzGLK6GS93WlmGA-Q,Amadeus,3.8,$$,5,0.497,80.0,0.0,20.0
cVGIbeM0NpJBJUsA9dMntQ,Emmerys,4.1,$$,7,0.496,71.4,14.3,14.3
QRbniHRSwDwU1-WyjFbW3Q,Barbar Bar,3.4,$$,6,0.495,83.3,0.0,16.7
kYHyKpWkw3jjLFk0evJUEA,Henckell,3.8,$,1,0.494,100.0,0.0,0.0
LQEIWY1mhHHp85hpKBuC8Q,Café Phenix,2.9,$$,1,0.493,100.0,0.0,0.0
UbmWzeUsG5p3xckOPU0inA,Djuus Copenhagen,4.6,$,7,0.492,71.4,0.0,28.6
hijTSfwFhF3sdl5uOqGn3A,Meyers Bageri,4.4,$$,7,0.49,85.7,0.0,14.3
PeQiEJYc3c2WV-EBjWF6Fg,Café Bankeråt,3.7,$$,7,0.487,71.4,28.6,0.0
GSl-inRBRlaZP7Olcn-PKQ,Café Victor,3.3,$$$,7,0.484,71.4,28.6,0.0
qoyOYu2GSrvV2he-9w0v6Q,Grannys House,4.1,$$,7,0.477,71.4,28.6,0.0
dya3sdg-OjlETrGPcAwJrw,Apropos,3.6,$,7,0.476,71.4,28.6,0.0
V3kc4zqGG65LV339CNXZWg,Café Emil,2.4,$$,1,0.475,100.0,0.0,0.0
ZWhv7KIu8GlQ_Q7xiOoHWA,Rosetta Østerbro,4.1,$,3,0.469,66.7,33.3,0.0
NLoWaqF9fm0fH1Bsb27Krg,Espresso House,3.0,$,7,0.468,85.7,0.0,14.3
fSlBRJfrqvBzT5M7gchuTA,Fovl,3.8,$,3,0.461,66.7,33.3,0.0
zX8pY959_v1vNARSJIncAA,Lagkagehuset,3.8,$$,3,0.459,100.0,0.0,0.0
k-v2QFk3AMas3aDPQL1K5A,Café Blågårds Apotek,3.6,$,4,0.457,75.0,25.0,0.0
IWVvfOw8NaE8XtJspN6wdg,Café Rosa,4.2,$$,7,0.457,71.4,28.6,0.0
cyTbsCml0nPhjBnE5p6B8w,Kafferiet,4.0,$,7,0.456,100.0,0.0,0.0
ZXjdJes0jZ9IlslhIZMl-Q,Café Munk,3.6,$$,7,0.454,71.4,14.3,14.3
IyQN2So1cC1kY1ZpaDocRw,Big Apple,4.0,$,7,0.452,71.4,0.0,28.6
BLsYalw2vPyoD1k3W-9nKg,Brødkunsten,4.4,$$,4,0.451,75.0,0.0,25.0
TnOTTLBrCr07D6NMksjuZg,Kaffeplantagen,3.2,$$,2,0.45,100.0,0.0,0.0
tmytR2cxCKV4S1GnxQIaUQ,The Laundromat Cafe,3.6,$$,7,0.449,57.1,28.6,14.3
gKcbzyXPw1HBdkElD62tYA,Overfor,3.2,$$,3,0.447,100.0,0.0,0.0
KLr-Wu7PP1OnOfT9E1J6Pw,Pixie,3.2,$$,7,0.445,71.4,14.3,14.3
_8EvYM5dMATONGKy_zTivA,Kaffestuen Vesterbro,3.6,$,7,0.443,71.4,14.3,14.3
sE-P664Xu7ttCMvRVG-fZA,The Garden Café,4.3,$$,3,0.442,66.7,0.0,33.3
Oebon5OZBubs2dtM6q2Ifw,Kaffekilden,3.7,$,7,0.441,71.4,0.0,28.6
waF42OQ2hJe3OhXzCEGFEA,Riccos Kaffebar,4.0,$$,1,0.44,100.0,0.0,0.0
4pWCg0dHlV1kNfzS302myg,Lauras Bakery,3.6,$$,7,0.439,71.4,14.3,14.3
aXxSSoK0RO0q8phuSsaCEg,Kaffesalonen,3.3,$,7,0.434,71.4,14.3,14.3
s0bNk8iebNRVAADYpE5fZw,Cafe Gavlen,3.8,$,7,0.43,85.7,0.0,14.3
xJbWptJcgbSm8UFOeoYekQ,Riccos Kaffebar,3.4,$$,2,0.429,100.0,0.0,0.0
Bs_EhkExJxKN9FO6biTAxA,The Laundromat Cafe,3.8,$,7,0.424,85.7,0.0,14.3
y8e61m7aZpF6Qs2kgpXXQQ,Den Franske Cafe,2.6,$$,7,0.418,85.7,0.0,14.3
wiII1FCVP_8-83jymgD1_Q,Coffee No24,3.8,$,2,0.418,50.0,50.0,0.0
HT7q63r5vv65LdFKrbHCPg,Promenaden,2.9,$$$$,5,0.412,80.0,0.0,20.0
ptJCyB4SgcNVo_4tCeUbig,Cafe Bopa,2.8,$$,7,0.412,71.4,14.3,14.3
jlrm_wj5-NHbRS_fmfxECw,Studenterhuset,3.3,$,7,0.403,71.4,28.6,0.0
zc72CD34LnHm4NJPik_qgw,Emmerys,3.7,$$$,1,0.402,100.0,0.0,0.0
neYYzjcgcjKChGJ5tjbC2Q,Mokkariet Odensegade,3.7,$$,1,0.382,100.0,0.0,0.0
mW4xlK8PqI1QuIyZBYOdzQ,Hoppes Café & Bar,2.8,$,7,0.382,57.1,28.6,14.3
cOUwptcU2Y7vJ1cdwDQIyw,Meyers Deli,3.5,$$,7,0.379,71.4,0.0,28.6
niCkFlWZq-ptrOim7eSLhw,Harbo Bar,3.7,$,6,0.378,66.7,16.7,16.7
KAxYRu7aVPpDc7z-OmLHtQ,Cafe Svejk,3.7,$$,4,0.359,75.0,0.0,25.0
mhCeEn6m6YD-lW-0Zbag6Q,Cafe Oven Vande,2.7,$$,7,0.357,57.1,42.9,0.0
RA1Fp5js736zWDaEonuvHg,Bager Bosse,3.5,$$,4,0.344,75.0,0.0,25.0
CHOjNliJkzW1hy-CkX817w,Joe & The Juice,3.3,$,7,0.342,71.4,0.0,28.6
KkPhfM_XDpYCQMBJKOaAOg,Møller Kaffe & Køkken,3.9,$$,7,0.341,71.4,14.3,14.3
SYkjYU8DMBtYa9dJ-wtyQA,Kaffekontoret,4.0,$,1,0.34,100.0,0.0,0.0
sfvN2ZYKRp5pd8VwncGA2A,ReTREAT,4.2,$,3,0.34,66.7,33.3,0.0
t6h46kgIfkH9am8WkbIqrw,Bertels Kager,4.2,$,7,0.339,71.4,0.0,28.6
WaL7si0-r9kCxtLmXX5-Fw,Brioche Dorée,4.1,$,7,0.334,71.4,14.3,14.3
9pC1gYB9ZtbNdV7z7Z9WDw,The Coffee Collective,4.2,$,7,0.332,57.1,28.6,14.3
lAhqfnubTLESa8d52PmrXw,Tante T,4.2,$$,6,0.329,66.7,0.0,33.3
e-61Zm0tMWlrrdCjXlHkLg,The Corner at 108,3.6,$$,7,0.328,57.1,28.6,14.3
AHGmCj2GxIqRNDaXoHoOIQ,Cafe Under Elmene,3.5,$$,3,0.328,66.7,33.3,0.0
lfVRDQ11jI1AM2_-kIWVEw,Blue Bike Café,4.0,$,7,0.326,57.1,28.6,14.3
TtQAlQeuHZEBcs9xT55x9A,Cafe Viking,4.4,$$,2,0.32,50.0,0.0,50.0
U9ErXY8e57UyG09ilhX4BQ,Kaffehuset 183,3.0,$,2,0.317,50.0,0.0,50.0
1rWQO4JWlAgI-hEo2CVhTw,Købenkaffe,4.5,$,2,0.313,50.0,0.0,50.0
MLRw97gDKx0oFlPdkNp3nA,Café Mandela,3.5,$$,7,0.304,71.4,14.3,14.3
rg9Ll_VIrdXe69cW6LWtIg,Andersen & Maillard,4.4,$,7,0.295,57.1,14.3,28.6
E7Ojuaps7fl1aQ445A_58Q,Cafe Dalle Valle,2.5,$,7,0.295,71.4,14.3,14.3
D9GzTfjYwZedreREtS_Ceg,Café Spicy Kitchen,3.3,$,7,0.294,71.4,0.0,28.6
D5dHjUgndnw2GZ7AYmczng,Streckers,2.3,$,2,0.29,100.0,0.0,0.0
xu-GVpxHCkt_DOEUollxhw,Joe & The Juice,3.2,$$,7,0.288,57.1,28.6,14.3
H7Uh33foR--F7EdZ88JyoQ,Meyers Deli,3.2,$,7,0.284,71.4,0.0,28.6
j913tP1GGtvo-7DeIWXSOg,Kafe Kapers,2.9,$$,7,0.283,57.1,14.3,28.6
vkDyVuU6vtK-Fp2WXPWvoA,Cafe Phister,3.3,$,2,0.282,50.0,50.0,0.0
BFRwFEN6pV75jpxGEpjcXA,Taxa,3.2,$$,7,0.277,57.1,28.6,14.3
CsyNdYW4nWLn2weNWnELMg,Bodenhoffs Bageri,3.9,$$,2,0.273,50.0,0.0,50.0
4bzk5S50TVF290eKV9Pjqw,MJ Coffee,3.1,$$,7,0.269,71.4,0.0,28.6
ZYDYHx028Y1n3H9WZfpq_g,Cafe Delight,3.0,$,2,0.262,50.0,0.0,50.0
S2qFCsgDTSeEWLi1HlLGBQ,Lagkagehuset,3.4,$,7,0.26,71.4,14.3,14.3
QcK5ItYdldNXL-kT1tRpDA,Kösem,3.2,$,7,0.259,71.4,0.0,28.6
-RuT5X850z3Okv2Yuia6zQ,Frenchy,3.9,$$,7,0.258,57.1,14.3,28.6
bFBXHU9ntmW8oZxm5srrJw,Sunshine Bakery,3.6,$,2,0.251,50.0,50.0,0.0
vts_cYq05-w_sHfyO1t4oA,Det Rene Brød,4.0,$$,5,0.247,40.0,20.0,40.0
hRCFxHHz-GbPKg9cUMGZlg,Wulff og Konstali Food Shop,4.1,$$,6,0.246,66.7,0.0,33.3
ERd_bqdduHNfvatvJkP3dQ,Byens Bogcafé,4.5,$$,1,0.226,100.0,0.0,0.0
sPg-ri76kcnoAohx5XYZlQ,Cafe Rabes Have,4.4,$,3,0.219,33.3,66.7,0.0
NUs_YVTTto34EgBQcinuZg,Resso Espressobar,4.3,$,2,0.212,50.0,50.0,0.0
--bLPwlomL_UuGoPqG6NRA,Bryggens Spisehus,3.5,$,2,0.211,50.0,50.0,0.0
i-maIPuvj6iVwdgifhcyWg,Cafe Vivaldi,2.8,$$,7,0.209,57.1,14.3,28.6
7jac67ESPveYle-m5cgZDA,Conditori & Cafe H.C. Andersen,3.4,$$,3,0.207,66.7,0.0,33.3
JQeNrkSuZeP4w6jBjdo_MA,Cake My Day,4.3,$$,1,0.202,100.0,0.0,0.0
yOeeSvM1iAhhnUDh9yc5DQ,Krejl & Kaffe,4.0,$$,1,0.197,100.0,0.0,0.0
mseeAF1LP73pXY9z7JlrBA,Is à Bella,4.8,$,2,0.194,50.0,0.0,50.0
h167hNgVPVyqGTnXL6bRcA,Café Viggo,3.6,$$,6,0.163,50.0,16.7,33.3
0NQAVDJgsDggDGjGbcCHLA,The á la Menthe,3.7,$,4,0.126,50.0,0.0,50.0
gV5URnf-dXSgxxYvMDZchw,Bagerdygtigt,3.1,$,1,0.115,100.0,0.0,0.0
CHiLHTCTQtVRyCjT-YLLQQ,Café Alma,3.2,$$,7,0.114,42.9,28.6,28.6
pbiwjidhHNQ5FWguqDH4pQ,Cafe Emma,1.8,$$,7,0.11,42.9,28.6,28.6
pmvk-FYYpIF3XVzpDPhKDA,Cafe Leo,3.7,$,3,0.106,33.3,33.3,33.3
pPJz_9cn_BSIzwH7rg1Odw,Hermod Bodega,4.0,$,1,0.101,100.0,0.0,0.0
qByXgaN_64t8Xfug601rmQ,Zalt,3.0,$$,7,0.051,28.6,42.9,28.6
m8KhjtGQ-WJvb-hOcYRsWQ,Café Altanen,3.6,$,1,0.0,0.0,100.0,0.0
ktIQmXdTPaTyxn5pbWHmMQ,Lagkagehuset,3.7,$$$,1,0.0,0.0,100.0,0.0
yT80bot_avHqmaQ-S1us1g,Café AE,3.3,$,1,0.0,0.0,100.0,0.0
p47HZUtWucx_YLne3FgTsA,Cafe Le Rouge,3.5,$,1,0.0,0.0,100.0,0.0
o85kK2jYE8ILADGBif6Ckw,August B,3.7,$,1,0.0,0.0,100.0,0.0
u1O_f6ZScBWnKBIAyXEX8w,Månefiskeren,4.1,$,1,0.0,0.0,100.0,0.0
FvUnTkHx4hGPCc7m67Kj_w,Basement BB,1.5,$$$,1,0.0,0.0,100.0,0.0
rrQhUbBCbZEkdmrAluVM0Q,Jægersborggade,3.7,$$$,1,0.0,0.0,100.0,0.0
_JXzRIe323_wLb1sGbtdrw,Reinh Van Hauen,4.1,$,1,0.0,0.0,100.0,0.0
TZZrQCVc8tiAx-mmp_zTeg,Cafe Break,4.0,$,1,0.0,0.0,100.0,0.0
Lko9XI9dMMzfcO7iwKf53g,Emmerys,3.5,$$,2,-0.013,50.0,0.0,50.0
ozpvxT-svohZubfxQS8zXA,CoffeeQueen,2.9,$$,2,-0.044,50.0,0.0,50.0
gZ6UEWVD85lPUetkOOKGpA,Sebastopol,3.0,$$,7,-0.07,42.9,0.0,57.1
3ijMLE1Y9FIfTcaJplLwMw,Café Phenix,2.5,$$,1,-0.077,0.0,0.0,100.0
9DlVFt_kHlnb3t1_6WvZIQ,Les Deux Amours,3.0,$$,3,-0.116,33.3,0.0,66.7
LoAdCCrtKAwHwxCVrbMG7g,Musik Conditoriet,3.3,$$,1,-0.123,0.0,0.0,100.0
DMhWhvZn5SyDtWrU39amVg,Flisen Bar and Burgers,2.9,$,1,-0.226,0.0,0.0,100.0
YO9w7kNSYdtuQawX7t_l_w,Kirstens Konditori,4.7,$$,1,-0.294,0.0,0.0,100.0
ccuDhSdGU3hfP5p3DMCHAw,Silver Streak Coffee Club,3.0,$,1,-0.294,0.0,0.0,100.0
lGHFpfYQVoLwDnRaeBYeew,Cafe Vivaldi,2.1,$,2,-0.332,0.0,0.0,100.0
cl7MtuP3dxdyTPVoAwgXOg,Café A,1.9,$,1,-0.628,0.0,0.0,100.0
